Studio Name,Service type,Rating,Address,City,Contact Number,Website
Photocity Digital Studio,Photography service,4.6," SRS Opp. Whitefield Rly, Prasanthi Fields, Station Rd",Bangalore, 094819 03450,https://photocitydigitalstudio.business.site/?utm_source=gmb&utm_medium=referral
B R Wedding Filmer,Photography studio,4.2," Next to Udupi Garden Hotel ,Channsandra,Kadugodi Post Near",Bangalore, 098451 84765,https://pickleit.in/studio/brweddingfilmer
Nandi Digital Photo Studio,Photography studio,3.8," #L-2,M,Krishnachari Building,Seegehalli Kannamangala post,Hoskote, Main Rd",Bangalore, 099014 51618,
Memories Lane Studio - Newborn Baby Photoshoot and Maternity Photographers in Bangalore,Photographer,5,,Bangalore,,https://www.memorieslanestudio.com/
JV Studios,Photography studio,4.9,"1st floor, No: 34, Ramamurthi Nagar Main Rd, near shell Petrol Pump",Bangalore, 099477 58677,
Foto Fine Digital Studio,Photography studio,4," Whitefield Rd, Next To Mobile Shop ITPL Road",Bangalore, 094491 56074,
Crush Studios,Photography studio,5,"1061, 2nd Floor, Landmark - Opposite Balaji Kabab Corner,Gowdru Hotel, Triveni Main Rd, above Hap Daily Icecream Shop",Bangalore,,http://www.instagram.com/crushstudios.lrk
Studio Bangalore Shades,Wedding photographer,4.7, Borewell Rd,Bangalore, 088833 38626,https://studio-bangalore-shades.business.site/?utm_source=gmb&utm_medium=referral
Vijaya Lakshmi Studio,Portrait studio,4.6," 29, 1st Floor, 20th Main, Maruthi Nagar,Opp Super Gas Station",Bangalore, 095919 16983,http://www.vijayalakshmistudio.com/
World Photography Studio,Photographer,4.8," Tower 18, Prestige Shantiniketan",Bangalore, 081978 93494,http://worldphotographystudio.com/?utm_source=gmb&utm_medium=referral
SR Digital studio,Photography studio,5, Katamnallur Gate Flyover,Bangalore,,
Studio Bangalore,Portrait studio,4.5," 338, 9th Main Rd",Bangalore, 098450 05658,https://studio-bangalore.business.site/
Swapna Photo Studio,Photography studio,4.9," 6th Cross, 5th Main, S. R. Nagar",Bangalore, 098440 43107,https://www.swapnaphotostudio.in/
Prajwal Digital Studio,Photography studio,4," 1st Cross Road, Maheshwaramma Temple Rd",Bangalore, 098450 31457,
Krithi Digital photo studio,Photo shop,4.8,,Bangalore, 098803 05563,https://krithi-digital-photo-studio.business.site/?utm_source=gmb&utm_medium=referral
REFLECT STUDIOS,Photographer,5,"342/13 OPPOSITE SRI YADUGIRI YATHIRAJ MUTT NEAR 11TH CROSS, Sampige Rd",Bangalore,,https://reflect-photo-studio.business.site/?utm_source=gmb&utm_medium=referral
OURSTUDIO,Photography studio,4.7," 376, 7th Cross, 2nd Main Rd",Bangalore, 095386 56082,https://www.ourstudio.biz/
Soundarya Photo studio,Photography studio,4.1," No63, Someshwara Temple Rd, near Sweet Chariot",Bangalore, 094491 90333,
SS STUDIO SHOP,Photography studio,4.2," 79/3, 7th cross 1st Main Road Bharathi Layout",Bangalore, 098452 17716,https://ss-studio-shop.business.site/
VK Photo Click Studio,Photography studio,4.4," VK Photo Click 35, Annapoorna Complex, S End Rd",Bangalore, 088800 02425,
Picture Perfect Portrait Studio,Photography studio,4.1," 32, 1st Floor, Bull Temple Rd, next to PEPPER FRY SHOWROOM ON TOP OF R K STUDIO",Bangalore, 080 4336 0744,http://www.picture-perfect.co.in/
Artriva Studios,Photography studio,4.7," #355, (2nd Floor, 9th Main Rd",Bangalore, 098861 56696,https://artriva.com/
Image Digital Studio,Photography studio,3.8," #1, 1st Floor, Anjinappa Complex, Immadihalli Main Road, Whitefield",Bangalore, 094491 56060,
"Green Screen Studio for Rent in Bangalore, Photography studio for Rent, DAD's Money Studio",Film Production Company,4.8,"112/1, 2nd floor, Mangammanapalya Main Rd, above Jolly Auto Parts",Bangalore, 090367 97773,http://www.dadsmoneystudio.com/
Studio C9,Photography studio,4.5, 9c HSR layout 1st a main 6th sector,Bangalore, 099867 33641,
Jaasiel Studio,Photography studio,4.8," No. 9, Shop no, 01, Devarachikkanahalli Main Rd, near Ayyappa bakery close to Golden park apartment",Bangalore, 098868 75231,
ADITHYA PHOTO STUDIO,Photography studio,4.8,"#. 4761a, 1st cross road, 6th Main Rd",Bangalore, 089716 49947,
Intime Studio,Photography studio,4.9," 2084 , 1st main, club road",Bangalore, 099808 23003,https://intimestudio.business.site/?utm_source=gmb&utm_medium=referral
Sharan Digital Studio,Photography studio,4.6, Karnataka,Bangalore, 098861 25490,https://sharan-digital-studio.business.site/
Flash Digital Photo Studio,Photo shop,4.5,"198, Vinayak Complex, Airport Road, Temple, near Canara Bank, opposite Mahalakshmi",Bangalore, 098804 24282,
Jyothi Digital photo studio,Photography studio,4.8,"14/1,shop 2,22 main, 18, cross, near royal super market",Bangalore, 080888 09489,
S.V photo studio,Photographer,5," hdfc ATM, 5, Thambu Chetty Palya Main Rd, opp. Mutthut pincrop, near :",Bangalore, 099004 77305,
MuseClix Photography Studio,Photography studio,4.6," Bengaluru, Karnataka",Bangalore, 087926 84584,https://www.youtube.com/channel/UCSYSFO32ytyjN_4RcrLEVBg/videos
Whizz Jeevanbhima Nagar,Photography studio,4.4," 06, 10th Main Jeevanbeema Nagar, Nagar Main Road",Bangalore, 099456 90520,
SANA DIGITAL STUDIO,Photography studio,4.8,,Bangalore,,https://instagram.com/sana.digitalstudio?igshid=ZDdkNTZiNTM=
Sunny Studio,Photography studio,4.3, #1/8 Behind HDFC BANK Bg Road Cross,Bangalore, 098454 49652,
VISTORIZ Photography - Best Photoshoot Studio in Bangalore,Photography studio,4.8,"78, 1st floor, 14th cross, 11th Main Rd",Bangalore, 096860 34466,https://www.vistoriz.com/
GlamFlame Studios,Photography service,4.6," 2nd Floor, 1554, 19th Main Rd, opp. to Indian Oil Petrol Pump",Bangalore, 096208 30837,https://www.glamflame.in/
Bangalore photo Studio,Photographer,4," Shop #43, BDA Complex, 100ft Rd, 3rd Block, Koramangala",Bangalore, 098807 77738,
Kodak Express,Photography studio,4.6," #500,Ground Floor, 16th Main, 22nd Cross Rd",Bangalore, 095915 41946,
The Foveat Studio and Gift Store,Photography studio,4.5," 566, M.S.Plaza, No.1, Ground Floor, 13th A Cross, 4th Main Rd",Bangalore, 089511 32028,https://the-foveat.business.site/?utm_source=gmb&utm_medium=referral
DreamTales Studio,Wedding photographer,4.6," 2nd Floor, ARR Nest 2282/A 6th Cross, Kodihalli, 16th E Main Rd",Bangalore, 078998 97733,https://dreamtales.studio/
SLN Professional Digital Studio,Photography studio,4.4," No 194/54, 1st B Main Rd",Bangalore, 099166 12043,
Pixel Stream Studios,Photography studio,4.4,"2959. Ground Floor, Krishna Rajendra Rd, near Umamaeshwara Temple",Bangalore, 080 4219 6523,http://www.pixelstream.in/
Tulips Studio,Photographer,4.9," 27 2, 3rd Cross Rd",Bangalore, 086184 08471,http://tulipsstudio.epizy.com/
Niteo Digital Studio,Photography studio,4.1," #2,, Shop #6,, Nagawara A . C . Post,, Near Nagawara Ring Road Signal,, Shop #6,Nagawara A . C . Post",Bangalore, 094482 61357,
Studio I Clicks,Photography studio,4.5," 22nd Cross Rd, Ejipura Main Rd",Bangalore, 098451 39313,https://studioiclicks.business.site/?utm_source=gmb&utm_medium=referral
Pixelena Studio,Photography studio,4.5," post 1177, 1st Main Road Dr Ambedkar layout, Kavalabyrasandra",Bangalore, 097391 59613,http://www.pixelenastudio.in/
Say Cheese Photo Studio,Photographer,4.8," 134, MM Road",Bangalore, 099004 26083,
vBookmark Photography,Photography studio,4.7," #46, 2nd Floor, Sadath Center, Nandi Durga Rd",Bangalore, 099029 32009,
Golden Digital Studio,Photography service,4.6," 1, Basement, N G E F Layout, Opposite-Vaibhav Theater, 4th Cross Rd",Bangalore, 090354 22934,
SR Photo Studio,Photo shop,4,"Bengaluru, Karnataka",Bangalore, 083108 44368,
GK Vale Church Street,Photography studio,4.4," #28, Church St",Bangalore, 090197 30471,http://www.gkvale.com/
Studio Ank,Photography service,4.8," A 701 , Natasha Golf View #2, 100 Feet Rd",Bangalore, 098802 55388,
P3A Photo Studio Bangalore,Photography studio,4," No 69, 1st Floor, 1st Main, 4th Block Srinivagilu Tank bed. Extension BDA",Bangalore, 077950 40626,
Pavan Foto Express,Photography studio,4.6," #81, EAT St",Bangalore, 080 4210 3536,
Ravi Studio,Photography studio,4.3," 321 1st Floor, Chinmaya Mission Hospital Rd",Bangalore, 090361 13442,http://business.google.com/website/ravi-studio
J J Captures,Photography studio,5,"#125, 2nd Main Rd",Bangalore, 099803 56100,https://j-j-captures.business.site/?utm_source=gmb&utm_medium=referral
Lakshmi Colour Lab & Studio,Photo lab,4.3," No 106, 3rd main Road B.B Road, Bangalore, near Corporation Bank",Bangalore, 063618 05314,https://sri-lakshmi-colour-lab-studio.business.site/?utm_source=gmb&utm_medium=referral
SP Photography Studio,Photography studio,4.9," 828, Jawaharlal Nehru Rd",Bangalore, 077609 58005,https://www.spphotographystudio.in/
The Candid Pictures,Photography studio,4.7," 454, 21st Cross Rd",Bangalore, 097310 09918,
AJ STUDIO BANGALORE,Wedding photographer,5, #2 LSV Street Nr iti Compound KR Puram,Bangalore,,
PreethaNandha Studio,Photography studio,4.7,,Bangalore,,https://preethanandha-studios.business.site/
Focus Digital Studio,Photography studio,4.6," Shop no.6, Abhaya Complex, Siddaiah Rd, opposite to Gandhi Statue",Bangalore, 095132 78343,https://www.instagram.com/focusdigitalstudio/
PRABHAZ PHOTOGRAPHY,Photography studio,4.2," PRABHAZ PHOTOGRAPHY, 606/77, Dr Rajkumar Rd",Bangalore, 098440 54037,
CINE FOCUS STUDIO,Photography studio,4.9," 38/1, Mount Goy Road,Near Ganesh Bhavan Bus Stop",Bangalore, 097310 46910,https://cine-focus-studio.business.site/?utm_source=gmb&utm_medium=referral
Photo Clicks Studio,Photography studio,4.7," 776, 5th main road 2nd cross rd, Hosahalli extension",Bangalore,,
CHOWDRY PHOTOGRAPHY,Photography studio,4.8," Bengaluru, Karnataka",Bangalore,,http://www.chowdryphotography.com/
Metro studio photography,Wedding photographer,4.9," 10 cmh road,Lakshmi puram , Adarash Theater Behind Gate",Bangalore, 099802 89727,https://www.facebook.com/MMC-Photography-1456782501245772/photos_stream
Studio 11 Productions,Photography service,4.5," 324, 3rd Floor, Landmark-Amazon Transportation Services Building, Queens Cross Road, off Queens Road",Bangalore, 098860 42131,
Saraswathi Studio,Photographer,4," U47(32), 2nd Main Road, Palace Guttahalli, Near-Maruthi Extensions, Vyalikaval",Bangalore, 092434 19566,
Chandru Studio,Photography studio,4.2," 141, 3rd Cross Rd",Bangalore, 099018 99399,
Photo Circle,Photography studio,4.8," 483, 5th Cross Rd",Bangalore, 096636 46339,https://photo-circle-photography-studio.business.site/?utm_source=gmb&utm_medium=referral
Global Studio & Printing,Photo shop,4.6,"#23,acespace building,,ground floor, 8th Main Rd",Bangalore, 097418 90902,
GK Vale Malleswaram,Photography studio,4.4," 100, Margosa Rd",Bangalore, 090197 30495,http://gkvale.com/
Anu Studio,Photography studio,4, #64 3rd Cross Sudhama Nagar,Bangalore, 094821 24301,
Jasmine digtal studio,Photographer,4.9, 1806bsubra building bsa road Tannery road peiyar nagar Football gorund towords,Bangalore, 099722 29434,
Highline Studios,Photography studio,4,,Bangalore,,
Inchara Studio,Photography studio,4.3," Inchara Studio #56 , 12th Cross vyalikaval Landmark : Airtel Office Building 2nd Main Road",Bangalore,,
Devi Studio,Photography studio,4.6," No.46/2, Narasimha Towers, 4th Cross Rd",Bangalore, 080 4278 1836,
Chandru Digital Photo Studio,Photography studio,4.4," 2/1, Basavanna Temple Street, Hosur Rd",Bangalore, 099800 45700,
Kriya Studios,Photography studio,5, Karnataka,Bangalore,,http://kriyastudios.business.site/
Fast Foto Studio's,Photography studio,4.6, 11th Main Rd,Bangalore, 093412 11666,
GK Vale Basavangudi,Photography studio,4,"134, Yadalam Complex, Gandhi Bazar circle, opp. Hotel Ice Thunder",Bangalore, 090199 61748,http://www.gkvale.com/
mrfstudiobangalore,Wedding photographer,5," 2nd Floor, Gowramma Building, 8th Cross Rd, near IG Circle",Bangalore, 088840 99910,http://www.mrfstudio.com/
PHOTOSHOPPE DIGITAL STUDIO,Photography studio,4.9,"106/3, Gandhi Bazaar Main Rd, below BANK OF BARODA",Bangalore,,https://photoshoppedigitalstudio.business.site/?utm_source=gmb&utm_medium=referral
VLN Vision Photo Studio,Photography studio,5," 129, Sameer Pura Main Rd",Bangalore, 099450 18452,
Triveni Photography,Photography studio,4.2," 2934, Triveni Arcade, 2nd Stage D Block, Mahakavi Kuvempu Rd",Bangalore, 098861 84495,http://www.trivenilab.com/
GK Vale HSR Layout,Photography studio,4.1," Ground Floor, HSR Club Road, #772, 22nd Cross Rd",Bangalore, 080 2572 4880,http://www.gkvale.com/
Glaamour Studio,Wedding photographer,4.6," 501, 5th Floor Smart Plaza, Coles Rd",Bangalore, 097425 50504,
Gundappa Studio,Photography studio,4.2," 123, Prasanna complex, Dr D V G road, Basavanagudi, Bengaluru, Karnataka 560004",Bangalore,,
Zoom 2 Photo Studio,Photo lab,3.7," 93, Ground Floor, 17 H Main, Khb Colony, Near-Jyothi Nivas College, Koramangala 5th Block",Bangalore, 095909 31315,
TSRS THIRUMALA STUDIO,Photography studio,4.5," 1st Cross Road, 1st Main Road, 64, Nehru Rd",Bangalore, 099456 13548,
Photo Studio,Photo lab,4.1," Ground floor, 157, 4th Cross Rd",Bangalore,,http://www.facebook.com/vvcreatives
Photo Vision Digital Studio,Photo lab,4," SM Plaza, No 64/1, DVG Road",Bangalore, 094488 02442,
SIRI Colour Lab,Photography studio,4.4," #18/1/55, Ground Floor, E.A.T.Street, Bugle Rock Rd, opp. Cosmos Bank",Bangalore, 080 2660 1338,
50mm Studios,Wedding photographer,4.9," #28/5, ""Athreya 2nd Floor, 18th Cross Rd",Bangalore, 099003 35050,http://www.50mmstudios.com/
Foto World,Photography studio,3.9," Besides Dimond Automobiles, Circle, 118, Chick Bazaar Rd, near Shivajinagar",Bangalore, 093424 71685,
Radhis Photo Studio,Wedding photographer,4.7," Aswathappa Building, Pipeline Rd, opposite of Lakshmi Temple",Bangalore, 073531 36307,https://radhis-photo-studio.business.site/?utm_source=gmb&utm_medium=referral
GLAMOUR PHOTOGRAPHICS,Photography service,4.4," 33, Castle St, near Shoolay Circle, near Brigade Tower",Bangalore, 098450 03786,http://glamourphotovideo.com/
R A Photo Studio,Photography studio,4.2, Near Little Rose Public School Brindavan Layout,Bangalore, 096326 81303,
VCAMS Green screen studio Bangalore,Photography studio,5,"No.3, 2nd Cross Rd, 2nd main Rd, Kanakapura Rd",Bangalore, 099019 99697,http://www.vcams.in/
Bimba Studio,Photographer,4.5, 14th Main Rd,Bangalore,,
Srinivasa Photo Studio,Photography studio,4," XHQ3+PMH, 12th Main Rd",Bangalore, 098452 28495,
MOHAN STUDIO FILMS Avenue road Bangalore,Wedding photographer,4.6," 42,Malllikarjunappa Lane avenue road cross, Mallikarjunappa Ln",Bangalore,,https://mohan-studio-avenue-road-bangalore.business.site/
Swetha Color Lab & Studio,Photography studio,3.8," 18, 1st floor, 20th Main, Maruthi Nagar Main Rd, above MR Bakery",Bangalore, 099643 36345,
S K Digital Studio,Photography studio,5," #67, HKP Road",Bangalore, 098458 27751,
Foto India,Wedding photographer,4.5," 65/b, Sri Krishnadevaraya Rd",Bangalore, 098440 93173,
Studio SJS,Photography service,5,"old 619 , 1, st floor, 37/1D, 36th Cross Rd",Bangalore, 090199 14649,http://www.studiosjs.in/
Grooveab Photography,Photographer,4.7," Bengaluru, Karnataka",Bangalore, 098865 12503,http://www.grooveabphotography.in/
RS Digital Studio,Photography studio,3.3," 129, 18th Main Rd",Bangalore, 098457 27464,
Bangalore Photographers,Photography service,4.8," 1st Floor, 4th Main, 5th Cross Rd",Bangalore, 080737 39948,https://bangalorephotographers.in/
Golden Studio,Photography studio,3.9, Karnataka,Bangalore,,
Revathi Digital Studio,Photography studio,3.7," #66/22, 12th Cross, Wilson Garden",Bangalore, 098454 39724,
PhotoMojo - An AGNA Venture,Photography service,4.7," 261/A, First Floor Opp, Ashoka Pillar Circle, T, T Mariappa Rd",Bangalore, 099801 42367,https://www.agna.studio/
R K Color Lab & Studio,Photography studio,3.9," 13, 50 Feet Main Rd",Bangalore, 098457 95829,
Mommyshots by Amrita - Bangalore Studio,Photography studio,5," 2nd floor, On top of Indusland Bank, Nitin rubiks” building, No 72, Link Rd 4",Bangalore,,http://www.mommyshotsbyamrita.com/
citizen digital photo studio,Photographer,4.7," banglore, Karnataka",Bangalore, 098860 85181,
Galaxy Pictures Studio,Photo shop,4.3,Karnataka,Bangalore, 099809 31886,
Memoriesalive Design Studio,Photographer,5," Shop 2, Ground floor, SJ Patel Complex, Vinayaka Circle, 2nd Main Rd",Bangalore,,
Karpagam Photo Studio,Photography studio,4.1," XHR6+376, 2nd Main Rd",Bangalore, 094483 31406,
RK Color Lab,Photography studio,3.9," 16/32, Hextra Point, Bull Temple Road, Basavanagudi, opposite Shekhar Hospital",Bangalore, 080 4123 6998,
Preeti Lab & Studio,Photography studio,3.5," 23/1, Kengal Hanumanthaiah Rd, beside Cox & kings",Bangalore, 080 2224 8454,
A1 Digital Studio,Photography studio,4.8," 21/E, 9th main road, 1st cross, Prakash Nagar, Rajajinagar, Behind DTDC",Bangalore, 098447 32888,https://www.facebook.com/a1digitalstudio/
Vinayaka Digital Studio,Photo lab,3.4," 338-175, New Thippasandra Main Rd",Bangalore, 072047 27813,
Karthik Photo Studio,Photo lab,3.7," #25, Cotton Pet Main Road, Gandhi Nagar, Cottonpet Main Rd",Bangalore,,
Akshay Photo Studio,Photography studio,4.6," 14th, 1 4th Cross, Main, Magadi Main Rd",Bangalore, 097432 26695,
"Page3Artist Ecommerce, Product and Apparel Photography | Photography Studio Rental in Bengaluru | Photography Institute",Photography studio,5,"Page3Artist, 2nd floor, 653, 2nd Main Rd, above service care private limited",Bangalore, 097419 40626,http://page3artist.com/ecommerce-product-photography-bangalore
Sri Vinayaka Digital Studio & Video,Photography studio,4.1," Shop No. 38, #39, 1st Main, Adugodi Post, 2nd Main Road, J.K. Pura, Vinayaka Nagar, Jalakanteshwara Nagar, Shanti Nagar",Bangalore, 099864 68248,
Rays Studio,Photography studio,3.6," 13, Sesha Sadan Complex,, Cambridge Road, Halasuru",Bangalore,,
City Graphics,Photography studio,4.2, Markham Rd,Bangalore, 098448 05775,https://www.citygraphics.co.in/
Studio Anuraag,Photo shop,3.7,"XH29+R48, Bull Temple Rd",Bangalore, 080 2661 4416,
Sri Bhavani Digital Studio,Photography studio,3.5," 1st floor, 3rd cross, 4th Main Rd",Bangalore, 098801 68144,
E. G. K. and Son,Photography studio,4.2," 47, Church St, Opposite Hotel Empire",Bangalore,,http://business.google.com/website/e-g-k-and-sons
Uday Video,Photography studio,4.6," G-22, Seshadri Road, Gandhi Nagar, Bangalore, Karnataka 560009",Bangalore, 080 2238 6208,http://udayvideo.com/
GK Vale Koramangala,Photo shop,4.2,"Shop No.143\B, 60 Feet Rd, next to Anand Sweet",Bangalore, 090197 30473,https://www.gkvale.com/
Reflex Studio,Photography studio,3.3, Austin Plaza,Bangalore,,
Lekha Studio,Photography service,4.3," Balaji Complex, #36, 5th Main Rd",Bangalore, 098458 39462,https://lekha-studio.business.site/?utm_source=gmb&utm_medium=referral
Mstudios,Photography studio,4.4," 30 29th Main PP layout Uttrahalli, Papular Bajaj, Kengeri Rd",Bangalore, 081973 62226,
Chander Photo Studio,Photography studio,3.6, Seppings Rd,Bangalore,,
R.K. Foto Fast,Photo shop,3.8,"Shop No. 5, 22nd Cross",Bangalore, 098800 49018,
Devu Photography,Photography studio,4.5," Police station, opposite road, 83rd Cross Rd",Bangalore, 098452 01159,https://devuphotography.business.site/
GURU STUDIO,Photography studio,4.7," No.908, 7TH MAIN, 7TH CROSS, OPP, Ayyappa Swamy Temple Rd",Bangalore, 095911 87777,
Prabhu Photos,Photo lab,3.6," 2nd Floor, No. 32, Brigade Rd",Bangalore, 080 4112 4222,https://www.prabhuphotos.com/
IDEAS FACTORY STUDIO,Photography service,4.6,"220, 3rd floor, 13th cross, 2nd stage Indiranagar Double Road Indira Nagar II Stage, Hoysala Nagar, Indiranagar Next to Paakashala restaurant, opp. Old RTO office",Bangalore, 098864 62696,https://www.ideasfactory.in/photographystudiospaceforrent
Minerva Studio,Photography studio,4.4," 382/6, Dr Rajkumar Road, 6th Block, Near-Prasanna Theater, Rajaji Nagar",Bangalore, 080 2338 7982,
VENKI DIGITAL STUDIO,Photography studio,3," #63,1st Floor Anjaneya Building, Panathur Main Rd, near sri vishnu veg hotel",Bangalore, 091645 73396,https://venki-digital-studio.business.site/?utm_source=gmb&utm_medium=referral
Poornima Studio,Photography studio,4.3," 341/0, 9, BSK 1st Stage, 80 Feet Rd",Bangalore, 080 2669 4698,
HEMA STUDIO,Photography studio,4," 49 First Floor, 10th Main, 4th Cross, Hanumanthanagar",Bangalore, 098869 11132,https://www.facebook.com/kinnerasphotography
A.K.Y Photo Studio,Photography studio,4.4," 1, Chinnana Layout, L.R. Bande Main Road, Opp Bescom Office Kaval Bairasandra, Post",Bangalore, 099806 00645,
Studio Udaya Ravi,Photography studio,4.2," 1st, 132, 10th Main Rd",Bangalore, 098861 33363,
GK Vale Basaveshwaranagar,Photography studio,4.1," 2nd, Block, 41/A, 3rd Cross Rd, near Vidyavardhaka collage",Bangalore, 080 4121 9996,http://www.gkvale.com/
S. N Digital Studio,Photographer,4.6," 24 11th Cross, 4th Main Rd",Bangalore, 099862 54914,
R J Photo Studio,Photography studio,2.5," Hanumanthappa Building, 8th Floor, Marathahalli Main Road, Near",Bangalore, 081235 60923,
Crystal Studio,Photography studio,4.4," #73, Shivaji Road, Shivaji Nagar",Bangalore, 072044 01344,
Anand Vishnu Studio,Photography studio,4.1," 32, Mysore Circle",Bangalore, 097419 99993,
Studio 10,Photography studio,4.6," 7, Krishnappa Layout Main Rd",Bangalore,,http://www.ewlp.biz/
Studio19photography,Photography studio,4.8,"1, Palace Guttahalli 3rd Main Rd, near Central Bank Of India",Bangalore,,
P S Studio,Photography studio,4.1," Shop No. 3424, 7th Cross, 8th Main Rd",Bangalore, 098456 00339,
Roopa Studio & Video,Wedding photographer,4.7," 52/1, 1st Floor, Nagasandra Circle, Basavanagudi",Bangalore, 080 2667 6658,http://business.google.com/website/roopa-studio-video
